poi_id;poi_name;poi_geo;description_fr;sportsolympiquesencompetition_fr;urlredirection_fr;description_en;sportsolympiquesencompetition_en;urlredirection_en;description_de;sportsolympiquesencompetition_de;urlredirection_de;description_it;sportsolympiquesencompetition_it;urlredirection_it;description_es;sportsolympiquesencompetition_es;urlredirection_es;description_pt;sportsolympiquesencompetition_pt;urlredirection_pt;sportsparalympiquesencompetition_fr;sportsparalympiquesencompetition_en;sportsparalympiquesencompetition_de;sportsparalympiquesencompetition_it;sportsparalympiquesencompetition_es;sportsparalympiquesencompetition_pt
ALX2;Pont Alexandre III - Tribune A et Tribunes C à H;48.8630387,2.3132756;Au cœur de Paris, faisant le lien entre les Invalides et le Grand Palais, des tribunes sont installées temporairement à proximité du Pont Alexandre III pour les arrivées et départ de plusieurs compétitions.;Cyclisme sur route - Contre-la-montre (Arrivée),Natation marathon,Triathlon;https://olympics.com/fr/paris-2024/sites/pont-alexandre-iii;In the heart of Paris, linking the Invalides and the Grand Palais, stands are temporarily installed near the Pont Alexandre III for the arrivals and departures of several competitions.;Cycling Road - Time Trial (Finish),Marathon Swimming,Triathlon;https://olympics.com/en/paris-2024/venues/pont-alexandre-iii;Im Herzen der Hauptstadt, zwischen den Invalides und dem Grand Palais, in der Nähe des Pont Alexandre III, werden temporäre Tribünen für den Start und das Ende verschiedener Wettkämpfe, aufgebaut.;Radsport Strasse - Zeitfahren (Ziel),Marathonschwimmen,Triathlon;https://olympics.com/de/paris-2024/veranstaltungsorte/pont-alexandre-iii;Nel cuore di Parigi, collegando gli Invalidi e il Grand Palais, sono temporaneamente installate tribune vicino al Pont Alexandre III per le partenze e gli arrivi di diverse competizioni.;Ciclismo su strada - Cronometro (Arrivo),Nuoto di fondo,Triathlon;https://olympics.com/it/paris-2024/sedi/ponte-alessandro-iii;En el corazón de París, uniendo los Inválidos y el Grand Palais, se instalan temporalmente gradas cerca del Pont Alexandre III para las llegadas y salidas de varias competiciones.;Ciclismo en ruta - Contrarreloj (Llegada),Natación en aguas abiertas,Triatlón;https://olympics.com/es/paris-2024/sedes/pont-alexandre-iii;No coração de Paris, ligando os Invalides ao Grand Palais, arquibancadas estão temporariamente instaladas perto da Pont Alexandre III para as chegadas e partidas de várias competições.;Ciclismo de Estrada - Contrarrelógio (Chegada),Maratona aquatica,Triatlo;https://olympics.com/pt/paris-2024/sedes/ponte-alexandre-iii;Para Triathlon;Para Triathlon;Para Triathlon;Paratriathlon;Para Triatlón;Triatlo paralímpico
PDP2;Parc des Princes - Portes I et H;48.84222074,2.253640327;Situé au sud-ouest de Paris (16e). Grand stade accueillant des matchs, des grandes compétitions de football et rugby, et des concerts.;Football;https://olympics.com/fr/paris-2024/sites/parc-des-princes;Located southwest of Paris (16th). A large stadium hosting football and rugby matches, as well as concerts.;Football;https://olympics.com/en/paris-2024/venues/parc-des-princes;Das Stadion befindet sich im Südwesten von Paris (16. Arrondissement), in dem Fußball- und Rugby-Spiele sowie Konzerte stattfinden.;Fussball;https://olympics.com/de/paris-2024/veranstaltungsorte/prinzenpark;Situato a sud-ovest di Parigi (16º). Grande stadio che ospita partite di calcio e rugby, oltre a concerti.;Calcio;https://olympics.com/it/paris-2024/sedi/parco-dei-principi;Situado al suroeste de París (16º). Gran estadio que acoge partidos de fútbol y rugby, así como conciertos.;Fútbol;https://olympics.com/es/paris-2024/sedes/parque-de-los-principes;Localizado a sudoeste de Paris (16º). Grande estádio que recebe jogos, grandes competições de futebol e rugby, e concertos.;Futebol;https://olympics.com/pt/paris-2024/sedes/parc-des-princes;;;;;;
SP6;Arena Paris Sud Hall 6;48.829381,2.290865;Fait partie de Paris Expo Porte de Versailles, centre d’exposition et de convention, située au Sud de Paris (15e). Il accueille tout au long de l’année des salons, foires et conventions.;Handball (Phases préliminaires),Tennis de table,Haltérophilie;https://olympics.com/fr/paris-2024/sites/arena-paris-sud;Part of Paris Expo Porte de Versailles, exhibition and convention center, located in the South of Paris (15th). It hosts trade shows, fairs, and conventions throughout the year.;Handball (Preliminary Rounds),Table tennis,Weightlifting;https://olympics.com/en/paris-2024/venues/south-paris-arena;Als Teil der Paris Expo Porte de Versailles finden hier das ganze Jahr über Messen, Ausstellungen und Kongresse statt. Das Ausstellungs- und Kongresszentrum liegt im Süden der Hauptstatt (im 15. Arrondissement).;Handball (Vorrunden),Tischtennis,Gewichtheben;https://olympics.com/de/paris-2024/veranstaltungsorte/paris-arena-sud;Fa parte di Paris Expo Porte de Versailles, centro espositivo e congressuale, situato a sud di Parigi (15º). Ospita fiere, mostre e congressi durante tutto l'anno.;Pallamano (Fasi Preliminari),Tennistavolo,Sollevamento pesi;https://olympics.com/it/paris-2024/sedi/arena-parigi-sud;Forma parte de Paris Expo Porte de Versailles, centro de exposiciones y convenciones, ubicado en el sur de París (15º). Acoge ferias, exposiciones y convenciones durante todo el año.;Balonmano (Rondas Preliminares),Tenis de mesa,Halterofilia;https://olympics.com/es/paris-2024/sedes/south-paris-arena;Faz parte da Paris Expo Porte de Versailles, centro de exposições e convenções, localizado no sul de Paris (15º). Acolha durante todo o ano, exposições, feiras  e convenções.;Handebol (Fases Preliminares),Tênis de mesa,Levantamento de peso;https://olympics.com/pt/paris-2024/sedes/arena-paris-sul;Goalball;Goalball;Goalball;Goalball;Goalball;Goalball
TRO1;Trocadéro - Parc des Champions;48.86134724,2.289678666;Un cadre exceptionnel pour venir vibrer entre amis ou en famille, et féliciter les meilleurs athlètes du monde entier qui viendront présenter leur médaille après leur compétition.;;https://olympics.com/fr/paris-2024/les-jeux/celebration/parc-des-champions;An exceptional setting to enjoy with friends and family, and congratulate the world's best athletes as they present their medals after the competition.;;https://olympics.com/en/paris-2024/the-games/celebrating/champions-park;Ein außergewöhnlicher Rahmen, um mit Freunden oder der Familie zu jubeln und den besten Athleten aus aller Welt zu gratulieren, die nach ihrem Wettkampf ihre Medaillen präsentieren werden.;;https://olympics.com/de/paris-2024/die-spiele/feierlichkeiten/champions-park;È un luogo eccezionale per stare con gli amici o la famiglia e per congratularsi con i migliori atleti del mondo, che presenteranno le loro medaglie dopo la competizione.;;https://olympics.com/it/paris-2024/i-giochi/celebrazione/champions-park;Es un lugar excepcional para venir a disfrutar de la acción con amigos y familiares, y para felicitar a los mejores atletas del mundo, que entregarán sus medallas tras las competiciones.;;https://olympics.com/es/paris-2024/los-juegos/celebrando/parque-de-los-campeones;É um local excecional para estar com os amigos ou a família e para felicitar os melhores atletas do mundo, que apresentarão as suas medalhas após a competição.;;https://olympics.com/pt/paris-2024/os-jogos/comemorando/parque-dos-campeoes;;;;;;
CSB;Clichy-sous-Bois - Para Cyclisme;48.90732105,2.551753103;La ville de Clichy-sous-Bois, en Seine-Saint-Denis, accueillera le départ et l’arrivée du para cyclisme du 4 au 7 septembre 2024. L’épreuve de Para cyclisme effectuera une boucle partant et arrivant à Clichy-sous-Bois.;;https://olympics.com/fr/paris-2024/jeux-paralympiques/sites/clichy-sous-bois-paralympiques;The town of Clichy-sous-Bois, in Seine-Saint-Denis, will host the start and finish of para cycling from September 4th to 7th, 2024. The Para cycling event will loop starting and ending in Clichy-sous-Bois.;;https://olympics.com/en/paris-2024/paralympic-games/venues/clichy-sous-bois-paralympics;Die Stadt Clichy-sous-Bois in der Seine-Saint-Denis wird sowohl der Start als auch das Ziel des Paracyclings zwischen dem 4. und dem 7. September 2024 sein. Die Schleifenroute startet und endet in Clichy-sous-Bois.;;https://olympics.com/de/paris-2024/veranstaltungsorte/clichy-sous-bois-paralympics;La città di Clichy-sous-Bois, in Seine-Saint-Denis, ospiterà la partenza e l'arrivo del paraciclo dal 4 al 7 settembre 2024. La gara di paraciclo percorrerà un circuito che parte e arriva a Clichy-sous-Bois.;;https://olympics.com/it/paris-2024/sedi/clichy-sous-bois-paralympics;La ciudad de Clichy-sous-Bois, en Seine-Saint-Denis, será la sede de la salida y llegada del ciclismo paralímpico del 4 al 7 de septiembre de 2024. La prueba de ciclismo paralímpico realizará un circuito que empieza y termina en Clichy-sous-Bois.;;https://olympics.com/en/paris-2024/paralympic-games/venues/clichy-sous-bois-paralympics;A cidade de Clichy-sous-Bois, em Seine-Saint-Denis, acolherá a partida e a chegada do para ciclismo de 4 a 7 de setembro de 2024. O evento de Para ciclismo fará um loop começando e terminando em Clichy-sous-Bois.;;https://olympics.com/en/paris-2024/paralympic-games/venues/clichy-sous-bois-paralympics;Para Cyclisme sur route;Para Cycling Road;Para Radsport Strasse;Ciclismo paralimpico su strada;Para Ciclismo en ruta;Ciclismo de estrada paralímpico
LCO;La Concorde;48.86581,2.3205108;La Place de la Concorde se transformera lors des Jeux Olympiques en une scène ouverte afin que les sports urbains puissent s'épanouir dans leur milieu naturel.;Skateboard,Cyclisme BMX freestyle,Basketball 3×3,Breaking;https://olympics.com/fr/paris-2024/sites/la-concorde;The Place de la Concorde will be transformed during the Olympic Games into an open stage so that urban sports can thrive in their natural environment.;Skateboard,Cycling BMX freestyle,Basketball 3×3,Breaking;https://olympics.com/en/paris-2024/venues/la-concorde;Die Place de la Concorde wird während der Olympischen Spiele in eine offene Bühne verwandelt, damit sich urbane Sportarten in ihrer natürlichen Umgebung entfalten können.;Skateboard,Radsport - BMX freestyle,3×3 Basketball,Breaking;https://olympics.com/de/paris-2024/veranstaltungsorte/la-concorde;La piazza della Concorde si trasformerà durante i Giochi Olimpici in un palcoscenico aperto affinché gli sport urbani possano prosperare nel loro ambiente naturale.;Skateboard,Ciclismo BMX freestyle,Basket 3×3,Breaking;https://olympics.com/it/paris-2024/sedi/la-concorde;La Place de la Concorde se transformará durante los Juegos Olímpicos en un escenario abierto para que los deportes urbanos puedan prosperar en su entorno natural.;Skateboarding,Ciclismo BMX freestyle,Baloncesto 3×3,Breaking;https://olympics.com/es/paris-2024/sedes/la-concorde;A Place de la Concorde será transformada durante os Jogos Olímpicos em um palco aberto para que os desportes urbanos possam prosperar em seu ambiente natural.;Skate,Ciclismo BMX freestyle,Basquete 3×3,Breaking;https://olympics.com/pt/paris-2024/sedes/la-concorde;;;;;;
LCS;La Courneuve - Parc Georges Valbon;48.9409739,2.406238669;Pendant les Jeux Paralympiques, le départ du Para marathon sera donné depuis La Courneuve au cœur du poumon vert de la Seine-Saint-Denis, le Parc Georges Valbon.;;https://olympics.com/fr/paris-2024/jeux-paralympiques/sites/la-courneuve-paralympiques;During the Paralympic Games, the Para marathon will set out from La Courneuve, at the heart of Seine-Saint-Denis’ main green hub, Parc Georges Valbon.;;https://olympics.com/en/paris-2024/paralympic-games/venues/la-courneuve-paralympics;Während der Paralympischen Spiele startet der Para-Marathon in La Courneuve, im Herzen des wichtigsten grünen Zentrums von Seine-Saint-Denis, dem Parc Georges Valbon.;;https://olympics.com/en/paris-2024/paralympic-games/venues/la-courneuve-paralympics;Durante i Giochi Paralimpici, la maratona paralimpica partirà da La Courneuve, nel cuore del principale snodo verde di Seine-Saint-Denis, il Parc Georges Valbon.;;https://olympics.com/en/paris-2024/paralympic-games/venues/la-courneuve-paralympics;Durante los Juegos Paralímpicos, el Paramaratón partirá de La Courneuve, en el corazón del principal centro verde de Seine-Saint-Denis, el Parc Georges Valbon.;;https://olympics.com/en/paris-2024/paralympic-games/venues/la-courneuve-paralympics;Durante os Jogos Paraolímpicos, a maratona do Pará terá início em La Courneuve, no coração do principal centro verde de Seine-Saint-Denis, o Parc Georges Valbon.;;https://olympics.com/en/paris-2024/paralympic-games/venues/la-courneuve-paralympics;Para Athlétisme - Marathon (Départ);Para Athletics - Marathon (Start);Para-Leichtathletik - Marathon (Start);Atletica Paralimpica - Maratona (Partenza);Para Atletismo - Maratón (Salida);Atletismo paralímpico - Maratona (Partida)
RGA;Stade Roland-Garros;48.84717,2.2492;Situé au sud-ouest de Paris (16e), à proximité du Parc des Princes. Roland-Garros abrite chaque année l’un des quatre tournois du Grand Chelem, événement sportif mondial majeur de tennis.;Boxe (Finales),Tennis;https://olympics.com/fr/paris-2024/sites/stade-roland-garros;Located southwest of Paris (16th), near the Parc des Princes. Roland-Garros hosts one of the four Grand Slam tournaments, a major global tennis event, every year.;Boxing (Finals),Tennis;https://olympics.com/en/paris-2024/venues/roland-garros-stadium;Das Roland-Garros-Stadion befindet sich im Südwesten von Paris (16. Arrondissement), in der Nähe des Parc des Princes. Jedes Jahr wird hier eines der vielen Grand-Slam-Turniere veranstaltet. Eines der bedeutendsten Tennisereignisse der Welt.;Boxen (Endspiel),Tennis;https://olympics.com/de/paris-2024/veranstaltungsorte/stade-roland-garros;Situato a sud-ovest di Parigi (16º), vicino al Parc des Princes. Roland-Garros ospita ogni anno uno dei quattro tornei del Grande Slam, un importante evento tennistico mondiale.;Pugilato (Finali),Tennis;https://olympics.com/it/paris-2024/sedi/stadio-roland-garros;Situado al suroeste de París (16º), cerca del Parque de los Príncipes. Roland-Garros alberga anualmente uno de los cuatro torneos del Grand Slam, un importante evento de tenis mundial.;Boxeo (Finales),Tenis;https://olympics.com/es/paris-2024/sedes/estadio-roland-garros;Localizado a sudoeste de Paris (16º), perto do Parc des Princes. Roland-Garros hospeda um dos quatro torneios do Grand Slam, um importante evento de tênis mundial, todos os anos.;Boxe (Finais),Tênis;https://olympics.com/pt/paris-2024/sedes/stade-roland-garros;Tennis fauteuil;Wheelchair tennis;Rollstuhltennis;Tennis in carrozina;Tenis en silla de ruedas;Tênis em cadeira de rodas
VE1;Vélodrome National de Saint-Quentin-en-Yvelines;48.78800979,2.03498269;Situé à une 40aine de km au sud-ouest de Paris, à proximité du Stade BMX. Cet équipement accueille fréquemment les diverses équipes de France ainsi que des championnats  dans ses installations ultra-modernes.;Cyclisme sur piste;https://olympics.com/fr/paris-2024/sites/velodrome-national-de-saint-quentin-en-yvelines;Located about 40 km southwest of Paris, near the BMX Stadium. This facility frequently hosts various French teams as well as championships in its ultra-modern facilities.;Cycling Track;https://olympics.com/en/paris-2024/venues/saint-quentin-en-yvelines-velodrome;Das Velodrome National ist hochmodern ausgestattet. Etwa 40 km südwestlich von Paris, in der Nähe des BMX-Stadions, empfängt es regelmäßig französische Mannschaften und nationale Wettkämpfe.;Radsport - Bahnradrennen;https://olympics.com/de/paris-2024/veranstaltungsorte/saint-quentin-en-yvelines-velodrome-national;Situato a circa 40 km a sud-ovest di Parigi, vicino allo Stadio BMX. Questo impianto ospita regolarmente varie squadre nazionali e campionati nelle sue moderne strutture.;Ciclismo su pista;https://olympics.com/it/paris-2024/sedi/velodromo-saint-quentin-en-yvelines;Situado a unos 40 km al suroeste de París, cerca del Estadio de BMX. Esta instalación alberga con frecuencia diversos equipos franceses, así como campeonatos en sus instalaciones ultramodernas.;Ciclismo en pista;https://olympics.com/es/paris-2024/sedes/velodromo-saint-quentin-en-yvelines;Localizado a cerca de 40 km a sudoeste de Paris, perto do Estádio BMX. Este equipamento frequentemente recebe várias equipes francesas, bem como campeonatos em suas instalações ultramodernas.;Ciclismo de pista;https://olympics.com/pt/paris-2024/sedes/velodromo-de-saint-quentin-en-yvelines;Para Cyclisme sur piste;Para Cycling Track;Para Radsport Bahn;Ciclismo su pista paralimpico;Para Ciclismo en pista;Ciclismo de pista paralímpico
VE2;Stade BMX de Saint-Quentin-en-Yvelines;48.78635777,2.034262969;Situé à proximité du vélodrome national de Saint-Quentin-En-Yvelines, à une 40aine de km au sud-ouest de Paris. La piste de BMX a été re-designée et spécialement aménagée pour Paris 2024.;Cyclisme BMX Racing;https://olympics.com/fr/paris-2024/sites/stade-bmx-de-saint-quentin-en-yvelines;Located near the Saint-Quentin-En-Yvelines national velodrome, about 40 km southwest of Paris. The BMX track has been redesigned and specially equipped for Paris 2024.;Cycling BMX Racing;https://olympics.com/en/paris-2024/venues/saint-quentin-en-yvelines-bmx-stadium;In der Nähe des Nationalen Velodroms von Saint-Quentin-En-Yvelines, etwa 40 km südwestlich von Paris, wurde die BMX-Strecke für die Spiele neu gestaltet und speziell ausgestattet.;Radsport - BMX Race;https://olympics.com/de/paris-2024/veranstaltungsorte/saint-quentin-en-yvelines-bmx-stadium;Situata vicino al velodromo nazionale di Saint-Quentin-En-Yvelines, a circa 40 km a sud-ovest di Parigi. La pista di BMX è stata ridisegnata e appositamente attrezzata per Parigi 2024.;Ciclismo BMX Racing;https://olympics.com/it/paris-2024/sedi/stadio-bmx-saint-quentin-en-yvelines;Situado cerca del velódromo nacional de Saint-Quentin-En-Yvelines, a unos 40 km al suroeste de París. La pista de BMX ha sido rediseñada y especialmente equipada para París 2024.;Ciclismo BMX Racing;https://olympics.com/es/paris-2024/sedes/estadio-de-bmx-saint-quentin-en-yvelines;Localizada perto do velódromo nacional de Saint-Quentin-En-Yvelines, a cerca de 40 km a sudoeste de Paris. A pista de BMX foi redesenhada e especialmente equipada para Paris 2024.;Ciclismo BMX Racing;https://olympics.com/pt/paris-2024/sedes/estadio-de-bmx-saint-quentin-en-yvelines;;;;;;
EIF;Stade Tour Eiffel;48.85611,2.29796;Pour accueillir les épreuves de volleyball de plage et de cécifoot, le Stade Tour Eiffel transformera le Champ-de-Mars en une arène temporaire en plein-air.;Volleyball de plage;https://olympics.com/fr/paris-2024/sites/stade-tour-eiffel;To host the beach volleyball and blind football events, the Stade Tour Eiffel will transform the Champ-de-Mars into a temporary outdoor arena.;Beach volleyball;https://olympics.com/en/paris-2024/venues/eiffel-tower-stadium;Um die Beachvolleyball- und Blindenfußballwettbewerbe auszutragen, wird das Stade Tour Eiffel des Champ-de-Mars in eine temporäre Freiluftarena verwandelt.;Beach-Volleyball;https://olympics.com/de/paris-2024/veranstaltungsorte/eiffelturm-stadion;Per ospitare gli eventi di beach volley e di cecifoot, il Stade Tour Eiffel trasformerà il Champ de Mars in un’arena temporanea all’aperto.;Beach volley;https://olympics.com/it/paris-2024/sedi/stadio-torre-eiffel;Para albergar las pruebas de voley playa y cecifoot, el Stade Tour Eiffel transformará el Champ-de-Mars en un estadio temporal al aire libre.;Voleibol de playa;https://olympics.com/es/paris-2024/sedes/estadio-torre-eiffel;Para acolher as provas de voleibol de praia e de cecifoot, o Estádio da Torre Eiffel transformará o Champ-de-Mars em uma arena temporária ao ar livre.;Vôlei de praia;https://olympics.com/pt/paris-2024/sedes/estadio-torre-eiffel;Cécifoot;Blind football;Blindenfußball;Calcio a 5;Fútbol para ciegos;Futebol de cegos
ALX1;Pont Alexandre III - Tribune B;48.8644241,2.3121896;Au cœur de Paris, faisant le lien entre les Invalides et le Grand Palais, des tribunes sont installées temporairement à proximité du Pont Alexandre III pour les arrivées et départ de plusieurs compétitions.;Cyclisme sur route - Contre-la-montre (Arrivée),Natation marathon,Triathlon;https://olympics.com/fr/paris-2024/sites/pont-alexandre-iii;In the heart of Paris, linking the Invalides and the Grand Palais, stands are temporarily installed near the Pont Alexandre III for the arrivals and departures of several competitions.;Cycling Road - Time Trial (Finish),Marathon Swimming,Triathlon;https://olympics.com/en/paris-2024/venues/pont-alexandre-iii;Im Herzen der Hauptstadt, zwischen den Invalides und dem Grand Palais, in der Nähe des Pont Alexandre III, werden temporäre Tribünen für den Start und das Ende verschiedener Wettkämpfe, aufgebaut.;Radsport Strasse - Zeitfahren (Ziel),Marathonschwimmen,Triathlon;https://olympics.com/de/paris-2024/veranstaltungsorte/pont-alexandre-iii;Nel cuore di Parigi, collegando gli Invalidi e il Grand Palais, sono temporaneamente installate tribune vicino al Pont Alexandre III per le partenze e gli arrivi di diverse competizioni.;Ciclismo su strada - Cronometro (Arrivo),Nuoto di fondo,Triathlon;https://olympics.com/it/paris-2024/sedi/ponte-alessandro-iii;En el corazón de París, uniendo los Inválidos y el Grand Palais, se instalan temporalmente gradas cerca del Pont Alexandre III para las llegadas y salidas de varias competiciones.;Ciclismo en ruta - Contrarreloj (Llegada),Natación en aguas abiertas,Triatlón;https://olympics.com/es/paris-2024/sedes/pont-alexandre-iii;No coração de Paris, ligando os Invalides ao Grand Palais, arquibancadas estão temporariamente instaladas perto da Pont Alexandre III para as chegadas e partidas de várias competições.;Ciclismo de Estrada - Contrarrelógio (Chegada),Maratona aquatica,Triatlo;https://olympics.com/pt/paris-2024/sedes/ponte-alexandre-iii;Para Triathlon;Para Triathlon;Para Triathlon;Paratriathlon;Para Triatlón;Triatlo paralímpico
CDM;Arena Champ-de-Mars;48.85339,2.30237;Aussi connu sous le nom de Grand Palais Éphémère. Bâtiment provisoire, situé dans le 7e arrondissement de Paris, il accueille les événements le temps des travaux du Grand Palais.;Lutte,Judo;https://olympics.com/fr/paris-2024/sites/arena-champ-de-mars/;Also known as the Grand Palais Éphémère. A temporary building, located in the 7th arrondissement of Paris, it hosts events during the works of the Grand Palais.;Wrestling,Judo;https://olympics.com/en/paris-2024/venues/champ-de-mars-arena/;Die Champ-de-Mars Arena, auch bekannt als Grand Palais Éphemère liegt im 7. Arrondissement von Paris. Dort finden während der Renovierungsarbeiten des Grand Palais die Veranstaltungen statt.;Ringen,Judo;https://olympics.com/de/paris-2024/veranstaltungsorte/champ-de-mars-arena/;Noto anche come Grand Palais Éphémère. Edificio temporaneo, situato nel 7º arrondissement di Parigi, ospita eventi durante i lavori del Grand Palais.;Lotta,Judo;https://olympics.com/it/paris-2024/sedi/arena-champ-de-mars;Conocido como el Grand Palais Éphémère. Edificio temporal, ubicado en el 7º distrito de París, en el que se organizan eventos durante las obras del Grand Palais.;Lucha,Judo;https://olympics.com/es/paris-2024/sedes/champ-de-mars-arena/;Também conhecido como Grand Palais Éphémère. Edifício temporário, localizado no 7º arrondissement de Paris, ele acolha eventos durante as obras do Grand Palais.;Luta,Judô;https://olympics.com/pt/paris-2024/sedes/arena-champ-de-mars;Para Judo,Rugby fauteuil;Para Judo,Wheelchair Rugby;Para Judo,Rollstuhlrugby;Judo paralimpico,Rugby in carrozzina;Para Judo,Rugby en silla de ruedas;Judo paralímpico,Rugby em cadeira de rodas
CPL;Arena Porte de La Chapelle;48.89932,2.36045;Aussi connu sous le nom de Adidas Arena. Tout nouveau pôle culturel au Nord de Paris (18e) qui accueillera au quotidien événements culturels et sportifs.;Badminton,Gymnastique Rythmique;https://olympics.com/fr/paris-2024/sites/arena-porte-de-la-chapelle;Also known as the Adidas Arena. A brand new cultural hub in the North of Paris (18th) which will host cultural and sporting events daily.;Badminton,Rhythmic Gymnastics;https://olympics.com/en/paris-2024/venues/porte-de-la-chapelle-arena;Das brandneue Kulturzentrum, auch bekannt als Adidas Arena, liegt im Norden von Paris (18. Arrondissement). Hier finden täglich kulturelle und sportliche Ereignisse statt.;Badminton,Rhythmische Sportgymnastik;https://olympics.com/de/paris-2024/veranstaltungsorte/porte-de-la-chapelle-arena;Noto anche come Adidas Arena  Un nuovissimo polo culturale nel nord di Parigi (18° arrondissement) che ospiterà quotidianamente eventi culturali e sportivi.;Badminton,Ginnastica Ritmica;https://olympics.com/it/paris-2024/sedi/arena-la-chapelle;También conocido como el Adidas Arena. Nuevo centro cultural en el norte de París (18º) que albergará eventos culturales y deportivos diariamente.;Bádminton,Gimnasia Rítmica;https://olympics.com/es/paris-2024/sedes/porte-de-la-chapelle-arena;Também conhecido como Adidas Arena. Novo centro cultural no Norte de Paris (18º) que receberá eventos culturais e esportivos diaros.;Badminton,Ginástica Rítmica;https://olympics.com/pt/paris-2024/sedes/arena-porte-de-la-chapelle;Para Badminton,Para Powerlifting;Para Badminton,Para Powerlifting;Para Badminton,Para Gewichtheben;Badminton paralimpico,Pesistica paralimpica;Para Bádminton,Para Halterofilia;Badminton paralímpico,Halterofilismo paralímpico
PDP4;Parc des Princes - Portes N à P;48.84081174,2.252303273;Situé au sud-ouest de Paris (16e). Grand stade accueillant des matchs, des grandes compétitions de football et rugby, et des concerts.;Football;https://olympics.com/fr/paris-2024/sites/parc-des-princes;Located southwest of Paris (16th). A large stadium hosting football and rugby matches, as well as concerts.;Football;https://olympics.com/en/paris-2024/venues/parc-des-princes;Das Stadion befindet sich im Südwesten von Paris (16. Arrondissement), in dem Fußball- und Rugby-Spiele sowie Konzerte stattfinden.;Fussball;https://olympics.com/de/paris-2024/veranstaltungsorte/prinzenpark;Situato a sud-ovest di Parigi (16º). Grande stadio che ospita partite di calcio e rugby, oltre a concerti.;Calcio;https://olympics.com/it/paris-2024/sedi/parco-dei-principi;Situado al suroeste de París (16º). Gran estadio que acoge partidos de fútbol y rugby, así como conciertos.;Fútbol;https://olympics.com/es/paris-2024/sedes/parque-de-los-principes;Localizado a sudoeste de Paris (16º). Grande estádio que recebe jogos, grandes competições de futebol e rugby, e concertos.;Futebol;https://olympics.com/pt/paris-2024/sedes/parc-des-princes;;;;;;
PDP3;Parc des Princes - Portes J à M;48.84179389,2.252282293;Situé au sud-ouest de Paris (16e). Grand stade accueillant des matchs, des grandes compétitions de football et rugby, et des concerts.;Football;https://olympics.com/fr/paris-2024/sites/parc-des-princes;Located southwest of Paris (16th). A large stadium hosting football and rugby matches, as well as concerts.;Football;https://olympics.com/en/paris-2024/venues/parc-des-princes;Das Stadion befindet sich im Südwesten von Paris (16. Arrondissement), in dem Fußball- und Rugby-Spiele sowie Konzerte stattfinden.;Fussball;https://olympics.com/de/paris-2024/veranstaltungsorte/prinzenpark;Situato a sud-ovest di Parigi (16º). Grande stadio che ospita partite di calcio e rugby, oltre a concerti.;Calcio;https://olympics.com/it/paris-2024/sedi/parco-dei-principi;Situado al suroeste de París (16º). Gran estadio que acoge partidos de fútbol y rugby, así como conciertos.;Fútbol;https://olympics.com/es/paris-2024/sedes/parque-de-los-principes;Localizado a sudoeste de Paris (16º). Grande estádio que recebe jogos, grandes competições de futebol e rugby, e concertos.;Futebol;https://olympics.com/pt/paris-2024/sedes/parc-des-princes;;;;;;
SP1;Arena Paris Sud Hall 1;48.832968,2.2840069;Fait partie de Paris Expo Porte de Versailles, centre d’exposition et de convention, située au Sud de Paris (15e). Il accueille tout au long de l’année des salons, foires et conventions.;Volleyball;https://olympics.com/fr/paris-2024/sites/arena-paris-sud;Part of Paris Expo Porte de Versailles, exhibition and convention center, located in the South of Paris (15th). It hosts trade shows, fairs, and conventions throughout the year.;Volleyball;https://olympics.com/en/paris-2024/venues/south-paris-arena;Als Teil der Paris Expo Porte de Versailles finden hier das ganze Jahr über Messen, Ausstellungen und Kongresse statt. Das Ausstellungs- und Kongresszentrum liegt im Süden der Hauptstatt (im 15. Arrondissement).;Volleyball;https://olympics.com/de/paris-2024/veranstaltungsorte/paris-arena-sud;Fa parte di Paris Expo Porte de Versailles, centro espositivo e congressuale, situato a sud di Parigi (15º). Ospita fiere, mostre e congressi durante tutto l'anno.;Pallavolo;https://olympics.com/it/paris-2024/sedi/arena-parigi-sud;Forma parte de Paris Expo Porte de Versailles, centro de exposiciones y convenciones, ubicado en el sur de París (15º). Acoge ferias, exposiciones y convenciones durante todo el año.;Voleibol;https://olympics.com/es/paris-2024/sedes/south-paris-arena;Faz parte da Paris Expo Porte de Versailles, centro de exposições e convenções, localizado no sul de Paris (15º). Acolha durante todo o ano, exposições, feiras  e convenções.;Vôlei;https://olympics.com/pt/paris-2024/sedes/arena-paris-sul;Boccia;Boccia;Para Boccia;Boccia;Boccia;Bocha
VER;Château de Versailles;48.81444,2.08382;Situé à une 20aine de km au sud-ouest de Paris. En plein cœur du parc du Château de Versailles, une carrière temporaire avec des tribunes est installée pour accueillir les épreuves équestres.;Sport équestre - Saut d'obstacles,Sport équestre - Dressage,Sport équestre - Concours complet,Pentathlon moderne;https://olympics.com/fr/paris-2024/sites/chateau-de-versailles;Located about 20 km southwest of Paris. In the heart of the Palace of Versailles Park, a temporary arena with stands is installed to host equestrian events.;Equestrian - Jumping,Equestrian - Dressage,Equestrian - Eventing,Modern pentathlon;https://olympics.com/en/paris-2024/venues/chateau-de-versailles;Etwa 20 km südwestlich von Paris, im Herzen des Versailler Schlossparks, wird eine temporäre Arena mit Tribünen für Reitsportveranstaltungen errichtet.;Reiten - Springen,Reiten - Dressur,Reiten - Vielseitigkeit,Moderner Fünfkampf;https://olympics.com/de/paris-2024/veranstaltungsorte/chateau-de-versailles;Situato a circa 20 km a sud-ovest di Parigi. Nel cuore del parco del Château de Versailles, una pista temporanea con tribune è stata installata per ospitare eventi equestri.;Sport equestri - Salto, Sport equestri - Dressage,Sport equestri - Concorso ompleto,Pentathlon moderno;https://olympics.com/it/paris-2024/sedi/reggia-di-versailles/;Situado a unos 20 km al suroeste de París. En el corazón del Parque del Palacio de Versalles, se instala una arena temporal con gradas para albergar eventos ecuestres.;Hipica - Saltos,Hipica - Doma,Hipica - Concurso completo, Pentatlón moderno;https://olympics.com/es/paris-2024/sedes/palacio-de-versalles;Localizado a cerca de 20 km a sudoeste de Paris. No coração do Parque do Palácio de Versalhes, uma arena temporária com arquibancadas é instalada para sediar eventos equestres.;Hipismo - Saltos,Hipismo - Adestramento,Hipismo - CCE,Pentatlo moderno;https://olympics.com/pt/paris-2024/sedes/palacio-de-versalhes;Para Équitation;Para Equestrian;Para Dressursport;Equitazione paralimpica;Para Hipica;Hipismo paralímpico
VN2;Stade Nautique de Vaires-sur-Marne - Bassin Eaux Vives;48.86307312,2.639917099;Situé sur l’île de loisirs de Vaires-Torcy à une 30aine de km à l'est de Paris. Ce pôle sportif comprend un lac, un nouveau stade d’eau vive et le plateau vif.;Canoë Slalom;https://olympics.com/fr/paris-2024/sites/stade-nautique-de-vaires-sur-marne;Located on the leisure island of Vaires-Torcy about 30 km east of Paris. This sports hub includes a lake, a new whitewater stadium, and the lively plateau.;Canoe Slalom;https://olympics.com/en/paris-2024/venues/vaires-sur-marne-nautical-stadium;Die Freizeitinsel in Vaires-Torcy (etwa 30 km östlich von Paris) ist ein Sportkomplex mit einem See und einem Wildwasserstadion.;Kanu-Slalom;https://olympics.com/de/paris-2024/veranstaltungsorte/vaires-sur-marne-nautical-stadium;Situato nell'isola di divertimento di Vaires-Torcy a circa 30 km a est di Parigi. Questo polo sportivo include un lago, un nuovo stadio di acqua viva e la piazza viva.;Canoa Slalom;https://olympics.com/it/paris-2024/sedi/stadio-nautico-vaires-sur-marne;Situado en la isla de ocio de Vaires-Torcy a unos 30 km al este de París. Este centro deportivo incluye un lago, un nuevo estadio de aguas bravas y la animada meseta.;Piragüismo en eslalon;https://olympics.com/es/paris-2024/sedes/estadio-nautico-vaires-sur-marne;Localizado na ilha de lazer de Vaires-Torcy, a cerca de 30 km a leste de Paris. Este centro desportivo inclui um lago, um novo estádio de águas bravas e o planalto animado.;Canoagem Slalom;https://olympics.com/pt/paris-2024/sedes/estadio-nautico-vaires-sur-marne;;;;;;
AQC;Centre Aquatique;48.92356,2.35538;Situé à proximité du Stade de France à une 10aine de km au nord de Paris. Nouveau centre qui permettra d'accueillir les plus grandes compétitions nationales et internationales de natation.;Plongeon,Water-polo,Natation artistique;https://olympics.com/fr/paris-2024/sites/centre-aquatique/;Located near the Stade de France about 10 km north of Paris. A new center that will host the largest national and international swimming competitions.;Diving,Water polo,Artistic swimming;https://olympics.com/en/paris-2024/aquatics-centre/;Etwa 10 km nördlich von Paris gelegen und in der Nähe des Stade de France wird das neue Hallenbad die größten nationalen und internationalen Schwimmwettbewerbe veranstalten.;Wasserspringen,Wasserball,Synchronschwimmen;https://olympics.com/de/paris-2024/veranstaltungsorte/aquatics-centre;Situato vicino allo Stade de France a circa 10 km a nord di Parigi. Nuovo centro che ospiterà le più grandi competizioni nazionali e internazionali di nuoto.;Tuffi,Pallanuoto,Nuoto artistico;https://olympics.com/it/paris-2024/sedi/aquatics-centre/;Situado cerca del Stade de France a unos 10 km al norte de París. Nuevo centro que albergará las mayores competiciones nacionales e internacionales de natación.;Saltos,Waterpolo,Natación artística;https://olympics.com/es/paris-2024/sedes/centro-acuatico;Localizado próximo ao Stade de France a cerca de 10 km ao norte de Paris. Novo centro que acolherá as maiores competições nacionais e internacionais de natação.;Saltos ornamentais,Poloaquático,Nado artistico;https://olympics.com/pt/paris-2024/sedes/centro-aquatico;;;;;;
BCY;Arena Bercy;48.83874,2.37878;Aussi connu sous le nom de Accor Arena. Il est situé dans le 12e arrondissement de Paris et accueille à la fois les grands événements culturels et sportifs de la capitale.;Basketball(Finales),Trampoline,Gymnastique artistique;https://olympics.com/fr/paris-2024/sites/arena-bercy;Also known as the Accor Arena. It is located in the 12th arrondissement of Paris and hosts both major cultural and sporting events in the capital.;Basketball(Finals),Trampoline,Artistic gymnastics;https://olympics.com/en/paris-2024/venues/bercy-arena;Die Bercy Arena, auch bekannt als Accor Arena, ist ein Ort, wo sowohl bedeutende kulturelle als auch sportliche Ereignisse inmitten des 12. Arrondissements der Hauptstadt stattfinden.;Basketball (Endspiel),Trampolinturnen,Gerätturnen;https://olympics.com/de/paris-2024/veranstaltungsorte/bercy-arena;Noto anche come Accor Arena. Si trova nel 12° arrondissement di Parigi e ospita sia grandi eventi culturali che sportivi della capitale.;Pallacanestro (Finali),Trampolino elastico,Ginnastica artistica;https://olympics.com/it/paris-2024/sedi/arena-bercy;Conocido como el Accor Arena. Está ubicado en el 12º distrito de París y alberga importantes eventos culturales y deportivos en la capital.;Baloncesto(Finales),Gimnasia en trampolín,Gimnasia artística;https://olympics.com/es/paris-2024/sedes/bercy-arena;Também conhecido como a Accor Arena. Está localizado no 12º arrondissement de Paris e acolha tanto grandes eventos culturais e desportivos da capital.;Basquete (Finais),Ginástica de trampolim,Ginástica artística;https://olympics.com/pt/paris-2024/sedes/bercy-arena;Basket fauteuil;Wheelchair basketball;Rollstuhlbasketball;Pallacanestro in carrozzina;Baloncesto en silla de ruedas;Basquete em cadeira de rodas
ELA;Colline d'Elancourt;48.79061,1.96379;Située à une 40aine de km à l'ouest de Paris, cette colline artificielle accueille les tracés des épreuves de VTT. Son sommet offre une vue imprenable sur la Tour Eiffel, la Défense et les forêts environnant Paris.;Cyclisme VTT;https://olympics.com/fr/paris-2024/sites/colline-d-elancourt;Located about 40 km west of Paris, this artificial hill hosts the mountain bike trails. Its summit offers breathtaking views of the Eiffel Tower, La Défense, and the surrounding forests of Paris.;Cycling Mountain Bike;https://olympics.com/en/paris-2024/venues/elancourt-hill;Etwa 40 km westlich von Paris werden auf dieser künstlichen Anhöhe die Mountainbike-Wettkämpfe stattfinden. Der Gipfel bietet atemberaubende Ausblicke auf den Eiffelturm, La Défense und die umliegenden Wälder von Paris.;Radsport - Mountainbike;https://olympics.com/de/paris-2024/veranstaltungsorte/colline-d-elancourt;Situata a circa 40 km a ovest di Parigi, questa collina artificiale ospita i percorsi delle gare di mountain bike. Dalla sua cima si gode di una vista mozzafiato sulla Torre Eiffel, La Défense e le foreste circostanti Parigi.;Ciclismo Mountain Bike;https://olympics.com/it/paris-2024/sedi/colline-d-elancourt;Ubicada a unos 40 km al oeste de París, esta colina artificial alberga los senderos de bicicleta de montaña. Su cima ofrece vistas impresionantes de la Torre Eiffel, La Défense y los bosques circundantes de París.;Ciclismo de montaña;https://olympics.com/es/paris-2024/sedes/elancourt-hill;Localizada a cerca de 40 km a oeste de Paris, esta colina artificial abriga as trilhas de mountain bike. Seu cume oferece uma vista deslumbrante da Torre Eiffel, La Défense e das florestas ao redor de Paris.;Ciclismo Mountain Bike;https://olympics.com/pt/paris-2024/sedes/elancourt-hill;;;;;;
INV;Invalides;48.86035,2.31317;Vaste espace vert, situé dans le 7e arrondissement de Paris, l’Esplanade est située face au majestueux Hôtel des Invalides.;Athlétisme - Marathon (Arrivée),Tir à l'arc,Cyclisme sur route - Contre-la-montre (Départ);https://olympics.com/fr/paris-2024/sites/invalides;Vast green space, located in the 7th arrondissement of Paris, the Esplanade is located in front of the majestic Hôtel des Invalides.;Athletics - Marathon (Finish),Archery,Cycling Road - Time Trial (Start);https://olympics.com/en/paris-2024/venues/invalides;Vor dem majestätischen Hôtel des Invalides, im 7. Arrondissement, befindet sich eine große Grünfläche.;Leichtathletik – Marathon (Ankunft),Bogenschiessen,Radsport Strasse - Zeitfahren (Start);https://olympics.com/de/paris-2024/veranstaltungsorte/invalides;Ampio spazio verde, situato nel 7º arrondissement di Parigi, l'Esplanade si trova di fronte al maestoso Hôtel des Invalides.;Atletica - Maratona (Arrivo),Tiro con l'arco,Ciclismo su strada - Cronometro (Partenza);https://olympics.com/it/paris-2024/sedi/invalides;Amplio espacio verde, ubicado en el 7º distrito de París, la Esplanade está ubicada frente al majestuoso Hôtel des Invalides.;Atletismo - Maratón (Llegada),Tiro con arco,Ciclismo en ruta - Contrarreloj (Salida);https://olympics.com/es/paris-2024/sedes/invalides;Um vasto espaço verde, localizado no 7º arrondissement de Paris, a Esplanade está localizada em frente ao majestoso Hôtel des Invalides.;Atletismo - Maratona (Chegada),Tiro com Arco,Ciclismo de Estrada - Contrarrelógio (Partida);https://olympics.com/pt/paris-2024/sedes/invalidos;Para Tir à l'arc,Para Athlétisme - Marathon (Arrivée);Para Archery,Para Athletics - Marathon (Finish);Para Bogenschiessen,Para-Leichtathletik - Marathon (Ankunft);Tiro con l'arco paralimpico,Atletica paralimpica - Maratona (Arrivo);Para Tiro con Arco,Para Atletismo - Maratón (Llegada);Tiro com Arco paralímpico,Atletismo paralímpico - Maratona (Chegada)
LGN;Le Golf National;48.75473,2.0763;Situé dans les Yvelines, à une 40aine de km au sud-ouest de Paris, ce Golf est utilisé lors des grandes compétitions internationales, comme la Ryder Cup en 2018.;Golf;https://olympics.com/fr/paris-2024/sites/le-golf-national;Located in the Yvelines, about 40 km southwest of Paris, this golf course is used during major international competitions, such as the Ryder Cup in 2018.;Golf;https://olympics.com/en/paris-2024/venues/le-golf-national;Der Golfplatz liegt in den Yvelines, etwa 40 km südwestlich von Paris, und wird für große internationale Wettkämpfe wie den Ryder Cup 2018 genutzt.;Golf;https://olympics.com/de/paris-2024/veranstaltungsorte/le-golf-national;Situato nelle Yvelines, a circa 40 km a sud-ovest di Parigi, questo campo da golf viene utilizzato durante importanti competizioni internazionali, come la Ryder Cup nel 2018.;Golf;https://olympics.com/it/paris-2024/sedi/golf-nazionale;Situado en Yvelines, a unos 40 km al suroeste de París, este campo de golf se utiliza durante importantes competiciones internacionales, como la Ryder Cup en 2018.;Golf;https://olympics.com/es/paris-2024/sedes/le-golf-national;Localizado nos Yvelines, cerca de 40 km a sudoeste de Paris, este campo de golfe é usado durante grandes competições internacionais, como a Ryder Cup em 2018.;Golfe;https://olympics.com/pt/paris-2024/sedes/le-golf-national;;;;;;
NPA;Arena Paris Nord;48.97261,2.51484;Aussi connu sous le nom de Parc des expositions de Villepinte. Situé en Seine-Saint-Denis à une 20aine de km au nord de Paris. Avec neuf halls d’exposition, il s’agit du plus grand parc d’expositions en France.;Boxe (Phases préliminaires),Pentathlon moderne;https://olympics.com/fr/paris-2024/sites/arena-paris-nord;Also known as the Parc des expositions de Villepinte. Located in Seine-Saint-Denis about 20 km north of Paris. With nine exhibition halls, it is the largest exhibition park in France.;Boxing (Preliminary Rounds),Modern Pentathlon;https://olympics.com/en/paris-2024/venues/north-paris-arena;Die Paris Nord Arena, auch bekannt als Parc des Expositions de Villepinte, ist mit 9 Ausstellungshallen, das größte Messezentrum Frankreichs. Sie liegt in der Seine-Saint-Denis, etwa 20 km nördlich von Paris.;Boxen (Vorrunden),Moderner Fünfkampf;https://olympics.com/de/paris-2024/veranstaltungsorte/paris-arena-nord;Noto anche come Parc des expositions de Villepinte. Situato in Seine-Saint-Denis a circa 20 km a nord di Parigi. Con nove padiglioni espositivi, è il più grande parco fieristico della Francia.;Pugilato (Fasi Preliminari),Pentathlon Moderno;https://olympics.com/it/paris-2024/sedi/arena-parigi-nord;Conocido como el Parc des expositions de Villepinte. Situado en Seine-Saint-Denis a unos 20 km al norte de París. Con nueve salas de exposiciones, es el parque de exposiciones más grande de Francia.;Boxeo (Rondas Preliminares),Pentatlón Moderno;https://olympics.com/es/paris-2024/sedes/north-paris-arena;Também conhecido como Parc des expositions de Villepinte. Localizado em Seine-Saint-Denis a cerca de 20 km ao norte de Paris. Com nove pavilhões de exposição, é o maior parque de exposições da França.;Boxe (Fases Preliminares),Pentatlo Moderno;https://olympics.com/pt/paris-2024/sedes/arena-norte-de-paris;Volleyball assis;Sitting volleyball;Sitzvolleyball;Sitting volley;voleibol sentado;Vôlei sentado
PDP1;Parc des Princes - Portes A à G;48.84122058,2.253689097;Situé au sud-ouest de Paris (16e). Grand stade accueillant des matchs, des grandes compétitions de football et rugby, et des concerts.;Football;https://olympics.com/fr/paris-2024/sites/parc-des-princes;Located southwest of Paris (16th). A large stadium hosting football and rugby matches, as well as concerts.;Football;https://olympics.com/en/paris-2024/venues/parc-des-princes;Das Stadion befindet sich im Südwesten von Paris (16. Arrondissement), in dem Fußball- und Rugby-Spiele sowie Konzerte stattfinden.;Fussball;https://olympics.com/de/paris-2024/veranstaltungsorte/prinzenpark;Situato a sud-ovest di Parigi (16º). Grande stadio che ospita partite di calcio e rugby, oltre a concerti.;Calcio;https://olympics.com/it/paris-2024/sedi/parco-dei-principi;Situado al suroeste de París (16º). Gran estadio que acoge partidos de fútbol y rugby, así como conciertos.;Fútbol;https://olympics.com/es/paris-2024/sedes/parque-de-los-principes;Localizado a sudoeste de Paris (16º). Grande estádio que recebe jogos, grandes competições de futebol e rugby, e concertos.;Futebol;https://olympics.com/pt/paris-2024/sedes/parc-des-princes;;;;;;
SP4;Arena Paris Sud Hall 4;48.830184,2.289033;Fait partie de Paris Expo Porte de Versailles, centre d’exposition et de convention, située au Sud de Paris (15e). Il accueille tout au long de l’année des salons, foires et conventions.;Tennis de table;https://olympics.com/fr/paris-2024/sites/arena-paris-sud;Part of Paris Expo Porte de Versailles, exhibition and convention center, located in the South of Paris (15th). It hosts trade shows, fairs, and conventions throughout the year.;Table tennis;https://olympics.com/en/paris-2024/venues/south-paris-arena;Als Teil der Paris Expo Porte de Versailles finden hier das ganze Jahr über Messen, Ausstellungen und Kongresse statt. Das Ausstellungs- und Kongresszentrum liegt im Süden der Hauptstatt (im 15. Arrondissement).;Tischtennis;https://olympics.com/de/paris-2024/veranstaltungsorte/paris-arena-sud;Fa parte di Paris Expo Porte de Versailles, centro espositivo e congressuale, situato a sud di Parigi (15º). Ospita fiere, mostre e congressi durante tutto l'anno.;Tennistavolo;https://olympics.com/it/paris-2024/sedi/arena-parigi-sud;Forma parte de Paris Expo Porte de Versailles, centro de exposiciones y convenciones, ubicado en el sur de París (15º). Acoge ferias, exposiciones y convenciones durante todo el año.;Tenis de mesa;https://olympics.com/es/paris-2024/sedes/south-paris-arena;Faz parte da Paris Expo Porte de Versailles, centro de exposições e convenções, localizado no sul de Paris (15º). Acolha durante todo o ano, exposições, feiras  e convenções.;Tênis de mesa;https://olympics.com/pt/paris-2024/sedes/arena-paris-sul;Para Tennis de table;Para Table tennis;Para Tischtennis;Tennistavolo paralimpico;Para Tenis de mesa;Tênis de mesa paralímpico
VN1;Stade Nautique de Vaires-sur-Marne - Bassin Eaux Calmes;48.865,2.628056;Situé sur l’île de loisirs de Vaires-Torcy à une 30aine de km à l'est de Paris. Ce pôle sportif comprend un lac, un nouveau stade d’eau vive et le plateau vif.;Canoë sprint,Aviron;https://olympics.com/fr/paris-2024/sites/stade-nautique-de-vaires-sur-marne;Located on the leisure island of Vaires-Torcy about 30 km east of Paris. This sports hub includes a lake, a new whitewater stadium, and the lively plateau.;Canoe Sprint,Rowing;https://olympics.com/en/paris-2024/venues/vaires-sur-marne-nautical-stadium;Die Freizeitinsel in Vaires-Torcy (etwa 30 km östlich von Paris) ist ein Sportkomplex mit einem See und einem Wildwasserstadion.;Kanu-rennsport,Rudern;https://olympics.com/de/paris-2024/veranstaltungsorte/vaires-sur-marne-nautical-stadium;Situato nell'isola di divertimento di Vaires-Torcy a circa 30 km a est di Parigi. Questo polo sportivo include un lago, un nuovo stadio di acqua viva e la piazza viva.;Canoa Sprint,Canottaggio;https://olympics.com/it/paris-2024/sedi/stadio-nautico-vaires-sur-marne;Situado en la isla de ocio de Vaires-Torcy a unos 30 km al este de París. Este centro deportivo incluye un lago, un nuevo estadio de aguas bravas y la animada meseta.;Piragüismo en esprint,Remo;https://olympics.com/es/paris-2024/sedes/estadio-nautico-vaires-sur-marne;Localizado na ilha de lazer de Vaires-Torcy, a cerca de 30 km a leste de Paris. Este centro desportivo inclui um lago, um novo estádio de águas bravas e o planalto animado.;Canoagem de velocidade,Remo;https://olympics.com/pt/paris-2024/sedes/estadio-nautico-vaires-sur-marne;Para Canoë,Para Aviron;Para Canoe,Para Rowing;Para Kanu,Para Rudern;Paracanoa,Canottaggio paralimpico;Para Piragüismo,Para Remo;Canoagem paralímpica,Remo paralímpico
CFR;Club France;48.89169378,2.391305363;Les athlètes olympiques et paralympiques français, unis au sein de la même équipe, seront honorés dans un lieu : le Club France, situé dans la Grande Halle de la Villette.;;https://olympics.com/fr/paris-2024/les-jeux/celebration/club-france;French Olympic and Paralympic athletes, united as one team, will be honored at one place: Club France, located in the Grande Halle de la Villette.;;https://olympics.com/fr/paris-2024/les-jeux/celebration/club-france;In der Grande Hall de la Villette wird der Club de France die französischen Olympischen und Paralympischen Athleten eines selben Teams zusammen ehren.;;https://olympics.com/fr/paris-2024/les-jeux/celebration/club-france;Gli atleti olimpici e paralimpici francesi, uniti come una sola squadra, saranno onorati in un luogo: il Club France, situato nella Grande Halle de la Villette.;;https://olympics.com/fr/paris-2024/les-jeux/celebration/club-france;Los atletas olímpicos y paralímpicos franceses, unidos como un solo equipo, serán homenajeados en un lugar: el Club France, ubicado en la Grande Halle de la Villette.;;https://olympics.com/fr/paris-2024/les-jeux/celebration/club-france;Os atletas olímpicos e paralímpicos franceses, unidos na mesma equipe, serão homenageados em um só lugar: o Club France, localizado na Grande Halle de la Villette.;;https://olympics.com/fr/paris-2024/les-jeux/celebration/club-france;;;;;;
DEF;Paris La Défense Arena;48.89568,2.22963;Situé à proximité du quartier d'affaire de la Défense à une 10aine de km à l'ouest de paris. Cette salle, accueillant les spectacles des plus grands artistes internationaux, des conventions et matchs, est transformée en piscine olympique.;Water-polo,Natation;https://www.paris2024.org/fr/site/paris-la-defense-arena/;Located near the business district of La Défense about 10 km west of Paris. This venue, hosting performances by top international artists, conventions, and matches, is transformed into an Olympic swimming pool.;Water polo,Swimming;https://olympics.com/en/paris-2024/venues/paris-la-defense-arena/;Das Gebäude befindet sich in der Nähe des Geschäftsviertels La Défense, etwa 10 km westlich von Paris. Dieser Veranstaltungsort, der sonst Aufführungen von den bedeutendsten Künstlern der ganzen Welt, Kongresse & Wettkämpfe veranstaltet, wird in ein Olympiaschwimmbad verwandelt.;Wasserball,Schwimmen;https://olympics.com/de/paris-2024/veranstaltungsorte/paris-la-defense-arena/;Situata nei pressi del quartiere degli affari di La Défense a circa 10 km a ovest di Parigi. Questa sede, che ospita concerti dei più grandi artisti internazionali, convegni e partite, viene trasformata in una piscina olimpica.;Pallanuoto,Nuoto;https://olympics.com/it/paris-2024/sedi/arena-paris-la-defense;Situado cerca del distrito de negocios de La Défense a unos 10 km al oeste de París. Este lugar, que acoge actuaciones de los principales artistas internacionales, convenciones y partidos, se transforma en una piscina olímpica.;Waterpolo,Natación;https://olympics.com/es/paris-2024/sedes/paris-la-defense-arena/;Localizado perto do distrito comercial de La Défense, a cerca de 10 km a oeste de Paris. Este local, que acolhe os espetáculos dos maiores artistas internacionais, convenções e partidas, é transformado em uma piscina olímpica.;Polo aquático,Natação;https://olympics.com/pt/paris-2024/sedes/arena-paris-la-defense;Para Natation;Para Swimming;Para Schwimmen;Nuoto Paralimpico;Para Natación;Natação Paralímpica
GRP;Grand Palais;48.86613,2.31223;Situé au cœur de Paris, ce site iconique accueille chaque année de nombreuses expositions d’artistes du monde entier et était par exemple le théâtre des Championnats du monde d’escrime, en 2010.;Taekwondo,Escrime;https://olympics.com/fr/paris-2024/sites/grand-palais;Located in the heart of Paris, this iconic site hosts numerous exhibitions of artists from around the world every year and was for example the venue for the Fencing World Championships in 2010.;Taekwondo,Fencing;https://olympics.com/en/paris-2024/venues/grand-palais;Im Herzen der Hauptstadt finden hier jedes Jahr zahlreiche Ausstellungen von Künstlern aus der ganzen Welt statt. Auch fand dort im Jahr 2010 die Fechtweltmeisterschaft statt.;Taekwondo,Fechten;https://olympics.com/de/paris-2024/veranstaltungsorte/grand-palais;Situato nel cuore di Parigi, questo sito iconico ospita numerose mostre di artisti provenienti da tutto il mondo ogni anno ed è stato ad esempio il teatro dei Campionati del Mondo di Scherma nel 2010.;Taekwondo,Scherma;https://olympics.com/it/paris-2024/sedi/grand-palais;Situado en el corazón de París, este sitio icónico alberga numerosas exposiciones de artistas de todo el mundo cada año y fue, por ejemplo, el lugar de los Campeonatos Mundiales de Esgrima en 2010.;Taekwondo,Esgrima;https://olympics.com/es/paris-2024/sedes/grand-palais;Localizado no coração de Paris, este local icônico recebe numerosas exposições de artistas de todo o mundo todos os anos e foi, por exemplo, o palco dos Campeonatos Mundiais de Esgrima em 2010.;Taekwondo,Esgrima;https://olympics.com/pt/paris-2024/sedes/grand-palais;Para Taekwondo,Escrime fauteuil;Para Taekwondo,Wheelchair fencing;Para Taekwondo,Rollstuhlfechten;Para Taekwondo,Scherma paralimpica;Para Taekwondo,Esgrima en silla de ruedas;Taekwondo paralímpico,Esgrima em cadeira de rodas
LBO;Site d'escalade du Bourget;48.93761,2.41908;Situé à environ 7 km au nord-est de paris, le complexe sportif du Bourget a été rénové et aménagé temporairement avec six murs d’escalade.;Escalade sportive;https://olympics.com/fr/paris-2024/sites/site-d-escalade-bourget;Located about 7 km northeast of Paris, the Bourget sports complex has been renovated and temporarily equipped with six climbing walls.;Sport climbing;https://olympics.com/en/paris-2024/venues/le-bourget-climbing-venue;Das renovierte Bourget-Sportzentrum liegt etwa 7 km nordöstlich von Paris und wird vorübergehend mit sechs Kletterwänden ausgestattet.;Sportklettern;https://olympics.com/de/paris-2024/veranstaltungsorte/le-bourget-sportklettern;Situato a circa 7 km a nord-est di Parigi, il complesso sportivo del Bourget è stato ristrutturato e temporaneamente attrezzato con sei pareti di arrampicata.;Arrampicata sportiva;https://olympics.com/it/paris-2024/sedi/sede-le-bourget-arr;Situado a unos 7 km al noreste de París, el complejo deportivo de Le Bourget ha sido renovado y equipado temporalmente con seis paredes de escalada.;Escalada deportiva;https://olympics.com/es/paris-2024/sedes/sede-esc-dep-le-bourget;Localizado a cerca de 7 km a nordeste de Paris, o complexo desportivo do Bourget foi renovado e temporariamente equipado com seis paredes de escalada.;Escalada;https://olympics.com/pt/paris-2024/sedes/le-bourget-escalada-esp;;;;;;
STA;Stade de France;48.92447,2.36006;Situé à une 10aine de km au nord de Paris, à proximité du centre nautique. Cette Arena multisports, le plus grand de l'hexagone, a accueilli les plus grands événements sportifs et culturels organisés en France.;Rugby à 7,Cérémonie de clôture,Athlétisme;https://olympics.com/fr/paris-2024/sites/stade-de-france;Located about 10 km north of Paris, near the aquatic center. This multisport arena, the largest in the hexagon, has hosted the biggest sports and cultural events organized in France.;Rugby Sevens,Closing Ceremony,Athletics;https://olympics.com/en/paris-2024/venues/stade-de-france;Der Stade de France, etwa 10 km nördlich von Paris, ist die größte Multisportarena Frankreichs und veranstaltet die größten kulturellen und sportlichen Ereignisse des Landes.;7er-Rugby,Abschlusszeremonie,Leichtathletik;https://olympics.com/de/paris-2024/veranstaltungsorte/stade-de-france;Situata a circa 10 km a nord di Parigi, vicino al centro acquatico. Questa arena polisportiva, la più grande dell'Esagono, ha ospitato i più grandi eventi sportivi e culturali organizzati in Francia.;Rugby a 7,Cerimonia di chiusura,Atletica leggera;https://olympics.com/it/paris-2024/sedi/stade-de-france;Situado a unos 10 km al norte de París, cerca del centro acuático. Esta arena polideportiva, la más grande del hexágono, ha acogido los mayores eventos deportivos y culturales organizados en Francia.;Rugby 7,Ceremonia de Clausura,Atletismo;https://olympics.com/es/paris-2024/sedes/estadio-de-francia;Localizada a cerca de 10 km ao norte de Paris, perto do centro náutico. Esta arena poliesportiva, a maior do hexágono, já recebeu os maiores eventos desportivos e culturais organizados em França.;Rugby sevens,Cerimônia de Encerramento,Atletica;https://olympics.com/pt/paris-2024/sedes/estadio-stade-de-france;Para Athlétisme,Cérémonie de clôture Paralympique;Para Athletics,Paralympic Closing Ceremony;Para-Leichtathletik,Paralympische Abschlusszeremonie;Atletica Paralimpica,Cerimonia di Chiusura Paralimpica;Para Atletismo,Ceremonia de Clausura Paralímpica;Atletismo paralímpico,Cerimônia de Encerramento Paralímpica
TRO2;Trocadéro - Marche et Cyclisme;48.8603968,2.2909845;Face à la tour Eiffel, le Trocadéro est un des points touristiques par excellence de Paris. Pendant les Jeux, il offrira un point de vue et une expérience exceptionnelle aux spectateurs des différentes épreuves.;Athlétisme - Marche,Cyclisme sur route - Course en ligne;https://olympics.com/fr/paris-2024/sites/trocadero;Facing the Eiffel Tower, the Trocadéro is one of Paris' top tourist spots. During the Games, it will offer spectators of various events an exceptional viewpoint and experience.;Athletics - Race Walk,Cycling Road - Road Race;https://olympics.com/en/paris-2024/venues/trocadero;Vor dem Eiffelturm gelegen ist das Trocadéro einer der wichtigsten touristischen Orte von Paris. Während der Spiele wird es den Zuschauern der verschiedenen Veranstaltungen einen beeindruckenden Blick und ein einzigartiges Erlebnis bieten.;Leichtathletik – Gehen,Radsport Strasse - Strassenrennen;https://olympics.com/de/paris-2024/veranstaltungsorte/trocadero;Di fronte alla Tour Eiffel, il Trocadéro è uno dei punti turistici per eccellenza di Parigi. Durante i Giochi, offrirà una vista e un'esperienza eccezionale agli spettatori delle diverse gare.;Atletica - Marcia,Ciclismo su strada - Prova su strada;https://olympics.com/it/paris-2024/sedi/trocadero;Frente a la Torre Eiffel, el Trocadéro es uno de los principales puntos turísticos de París. Durante los Juegos, ofrecerá a los espectadores de diferentes eventos un punto de vista y una experiencia excepcionales.;Atletismo - Marcha,Ciclismo en ruta - Carrera en ruta;https://olympics.com/es/paris-2024/sedes/trocadero;De frente para a Torre Eiffel, o Trocadéro é um dos pontos turísticos mais importantes de Paris. Durante os Jogos, oferecerá aos espectadores de diversos eventos uma visão e experiência excepcionais.;Atletismo - Marcha atlética,Ciclismo de Estrada - Corrida de Estrada;https://olympics.com/pt/paris-2024/sedes/trocadero;;;;;;
YDM;Stade Yves-du-Manoir;48.9294,2.2477;Situé a une 15aine de km au nord-ouest de paris. Ce Stade a déjà accueilli les JO en 1924 pour la cérémonie d’ouverture et les épreuves d’athlétisme.;Hockey sur gazon;https://olympics.com/fr/paris-2024/sites/stade-yves-du-manoir;Located about 15 km northwest of Paris. This stadium already hosted the Olympics in 1924 for the opening ceremony and athletics events.;Hockey;https://olympics.com/en/paris-2024/venues/yves-du-manoir-stadium;Dieses Stadion war bereits 1924 der Austragungsort der Olympischen Spiele für die Eröffnungsfeier und die Leichtathletikwettbewerbe. Es liegt etwa 15 km nordwestlich von Paris.;Hockey;https://olympics.com/de/paris-2024/veranstaltungsorte/stade-yves-du-manoir;Situato a circa 15 km a nord-ovest di Parigi. Questo stadio ha già ospitato le Olimpiadi nel 1924 per la cerimonia di apertura e le gare di atletica.;Hockey;https://olympics.com/it/paris-2024/sedi/stadio-yves-du-manoir;Situado a unos 15 km al noroeste de París. Este estadio ya albergó los Juegos Olímpicos en 1924 para la ceremonia de apertura y las pruebas de atletismo.;Hockey sobre césped;https://olympics.com/es/paris-2024/sedes/estadio-yves-du-manoir;Localizado a cerca de 15 km a noroeste de Paris. Este estádio já recebeu os Jogos Olímpicos em 1924 para a cerimónia de abertura e os eventos de atletismo.;Hóquei sobre grama;https://olympics.com/pt/paris-2024/sedes/estadio-yves-du-manoir;;;;;;
HDV;Hôtel de Ville;48.8559765,2.3531455;La place de l’Hôtel de ville, lieu emblématique et site de festivités de la ville de Paris sera aussi le départ de la plus mythique des courses de fond olympiques, le marathon.;Athlétisme - Marathon (Départ);https://olympics.com/fr/paris-2024/sites/hotel-de-ville;The Hôtel de Ville square, an emblematic location and a site of festivities in the city of Paris, will also be the starting point for the most mythical of Olympic long-distance races, the marathon.;Athletics - Marathon (Start);https://olympics.com/en/paris-2024/venues/hotel-de-ville;Die Place de l’Hôtel de Ville, ein Symbol der Stadt und Veranstaltungsort für verschiedene Festlichkeiten, wird der Startpunkt für eines der legendärsten Langstreckenrennen sein: der Marathon.;Leichtathletik - Marathon (Start);https://olympics.com/de/paris-2024/veranstaltungsorte/hotel-de-ville;La piazza dell'Hôtel de Ville, luogo emblematico e sede di festeggiamenti della città di Parigi, sarà anche il punto di partenza della più mitica gara olimpica di lunga distanza, la maratona.;Atletica - Maratona (Partenza);https://olympics.com/it/paris-2024/sedi/hotel-de-ville;La plaza del Hôtel de Ville, un lugar emblemático y sitio de festividades de la ciudad de París, también será el punto de partida para la carrera de larga distancia más mítica de los Juegos Olímpicos, el maratón.;Atletismo - Maratón (Salida);https://olympics.com/es/paris-2024/sedes/hotel-de-ville;A praça do Hôtel de Ville, um local emblemático e um local de festividades na cidade de Paris, também será o ponto de partida para a mais mítica das corridas de longa distância olímpicas, a maratona.;Atletismo - Maratona (Partida);https://olympics.com/pt/paris-2024/sedes/hotel-de-ville;;;;;;
